name,mscf,yearmonth,year,month,x,y
Abia,45930.30851,2012-12,2012,12,7.523189982,5.453302119
Abia,84314.11204,2013-01,2013,01,7.523189982,5.453302119
Abia,143347.833,2013-03,2013,03,7.523189982,5.453302119
Abia,112479.4672,2013-04,2013,04,7.523189982,5.453302119
Abia,180392.8209,2013-05,2013,05,7.523189982,5.453302119
Abia,91732.67199,2013-06,2013,06,7.523189982,5.453302119
Abia,144110.549,2013-07,2013,07,7.523189982,5.453302119
Abia,82479.0594,2013-08,2013,08,7.523189982,5.453302119
Abia,223898.9555,2013-10,2013,10,7.523189982,5.453302119
Abia,110383.7064,2013-11,2013,11,7.523189982,5.453302119
Abia,99562.219,2013-12,2013,12,7.523189982,5.453302119
Abia,99689.05989,2014-01,2014,01,7.523189982,5.453302119
Abia,57968.5015,2014-02,2014,02,7.523189982,5.453302119
Abia,112959.5195,2014-03,2014,03,7.523189982,5.453302119
Abia,110875.9729,2014-04,2014,04,7.523189982,5.453302119
Abia,63805.4677,2014-05,2014,05,7.523189982,5.453302119
Abia,102624.4453,2014-06,2014,06,7.523189982,5.453302119
Abia,51179.60774,2014-07,2014,07,7.523189982,5.453302119
Abia,43255.38087,2014-08,2014,08,7.523189982,5.453302119
Abia,128225.9791,2014-10,2014,10,7.523189982,5.453302119
Abia,58586.7958,2014-11,2014,11,7.523189982,5.453302119
Abia,89813.22091,2014-12,2014,12,7.523189982,5.453302119
Abia,51291.22326,2015-01,2015,01,7.523189982,5.453302119
Abia,50617.11525,2015-02,2015,02,7.523189982,5.453302119
Abia,36063.75339,2015-03,2015,03,7.523189982,5.453302119
Abia,55800.997,2015-04,2015,04,7.523189982,5.453302119
Abia,82079.51463,2015-05,2015,05,7.523189982,5.453302119
Abia,56366.78915,2015-10,2015,10,7.523189982,5.453302119
Abia,36754.19491,2015-11,2015,11,7.523189982,5.453302119
Abia,74744.99176,2016-01,2016,01,7.523189982,5.453302119
Abia,58140.54098,2016-02,2016,02,7.523189982,5.453302119
Abia,196372.6313,2017-10,2017,10,7.523189982,5.453302119
Abia,121973.4967,2017-11,2017,11,7.523189982,5.453302119
Abia,132632.6989,2017-12,2017,12,7.523189982,5.453302119
Abia,79411.09327,2018-01,2018,01,7.523189982,5.453302119
Abia,63142.94874,2018-02,2018,02,7.523189982,5.453302119
Abia,72650.02266,2018-03,2018,03,7.523189982,5.453302119
Abia,91975.45189,2018-04,2018,04,7.523189982,5.453302119
Abia,107644.996,2018-05,2018,05,7.523189982,5.453302119
Abia,107295.6495,2018-06,2018,06,7.523189982,5.453302119
Abia,71201.40683,2018-07,2018,07,7.523189982,5.453302119
Abia,74465.19558,2018-08,2018,08,7.523189982,5.453302119
Abia,53511.14369,2018-09,2018,09,7.523189982,5.453302119
Abia,158771.1201,2018-10,2018,10,7.523189982,5.453302119
Abia,91049.59765,2018-11,2018,11,7.523189982,5.453302119
Abia,109544.4276,2018-12,2018,12,7.523189982,5.453302119
Abia,102642.0217,2019-01,2019,01,7.523189982,5.453302119
Abia,99412.89655,2019-02,2019,02,7.523189982,5.453302119
Abia,95069.72165,2019-03,2019,03,7.523189982,5.453302119
Abia,197963.8009,2019-07,2019,07,7.523189982,5.453302119
Abia,160952.0779,2019-08,2019,08,7.523189982,5.453302119
Abia,84958.93061,2019-09,2019,09,7.523189982,5.453302119
Abia,124218.9878,2019-10,2019,10,7.523189982,5.453302119
Abia,41017.88525,2019-11,2019,11,7.523189982,5.453302119
Abia,54259.90737,2019-12,2019,12,7.523189982,5.453302119
Abia,56266.636,2020-01,2020,01,7.523189982,5.453302119
Abia,47862.56001,2020-02,2020,02,7.523189982,5.453302119
Abia,52820.12749,2020-03,2020,03,7.523189982,5.453302119
Abia,60664.71969,2020-04,2020,04,7.523189982,5.453302119
Abia,81412.68268,2020-05,2020,05,7.523189982,5.453302119
Abia,33190.67645,2020-06,2020,06,7.523189982,5.453302119
Abia,68768.28943,2020-07,2020,07,7.523189982,5.453302119
Abia,47497.12713,2020-08,2020,08,7.523189982,5.453302119
Abia,27268.37302,2020-10,2020,10,7.523189982,5.453302119
Abia,27992.77211,2020-11,2020,11,7.523189982,5.453302119
Abia,45060.82679,2020-12,2020,12,7.523189982,5.453302119
Abia,71083.41644,2021-01,2021,01,7.523189982,5.453302119
Abia,58070.1686,2021-02,2021,02,7.523189982,5.453302119
Abia,56107.76272,2021-03,2021,03,7.523189982,5.453302119
Abia,35904.98261,2021-04,2021,04,7.523189982,5.453302119
Abia,24495.00351,2021-05,2021,05,7.523189982,5.453302119
Abia,51385.62191,2021-06,2021,06,7.523189982,5.453302119
Abia,43437.50604,2021-07,2021,07,7.523189982,5.453302119
Abia,137799.4307,2023-01,2023,01,7.523189982,5.453302119
Abia,99406.57717,2023-02,2023,02,7.523189982,5.453302119
Abia,91950.71905,2023-03,2023,03,7.523189982,5.453302119
Abia,101231.1148,2023-04,2023,04,7.523189982,5.453302119
Abia,131494.5497,2023-05,2023,05,7.523189982,5.453302119
Abia,44651.36341,2023-09,2023,09,7.523189982,5.453302119
Abia,75838.26253,2023-10,2023,10,7.523189982,5.453302119
Akwa Ibom,222805.6481,2012-03,2012,03,7.847366246,4.906643135
Akwa Ibom,327331.8675,2012-04,2012,04,7.847366246,4.906643135
Akwa Ibom,335482.3638,2012-05,2012,05,7.847366246,4.906643135
Akwa Ibom,256719.1886,2012-06,2012,06,7.847366246,4.906643135
Akwa Ibom,427136.4331,2012-07,2012,07,7.847366246,4.906643135
Akwa Ibom,383913.4704,2012-08,2012,08,7.847366246,4.906643135
Akwa Ibom,322432.7338,2012-09,2012,09,7.847366246,4.906643135
Akwa Ibom,332529.8189,2012-10,2012,10,7.847366246,4.906643135
Akwa Ibom,387077.124,2012-11,2012,11,7.847366246,4.906643135
Akwa Ibom,719480.1685,2012-12,2012,12,7.847366246,4.906643135
Akwa Ibom,731954.2705,2013-01,2013,01,7.847366246,4.906643135
Akwa Ibom,314715.188,2013-02,2013,02,7.847366246,4.906643135
Akwa Ibom,748289.1869,2013-03,2013,03,7.847366246,4.906643135
Akwa Ibom,508520.4265,2013-04,2013,04,7.847366246,4.906643135
Akwa Ibom,434253.9778,2013-05,2013,05,7.847366246,4.906643135
Akwa Ibom,447821.9137,2013-06,2013,06,7.847366246,4.906643135
Akwa Ibom,480956.1205,2013-07,2013,07,7.847366246,4.906643135
Akwa Ibom,465778.4569,2013-08,2013,08,7.847366246,4.906643135
Akwa Ibom,178170.0953,2013-09,2013,09,7.847366246,4.906643135
Akwa Ibom,399468.4909,2013-10,2013,10,7.847366246,4.906643135
Akwa Ibom,802595.2371,2013-11,2013,11,7.847366246,4.906643135
Akwa Ibom,543998.1726,2013-12,2013,12,7.847366246,4.906643135
Akwa Ibom,537031.503,2014-01,2014,01,7.847366246,4.906643135
Akwa Ibom,436613.2865,2014-02,2014,02,7.847366246,4.906643135
Akwa Ibom,208099.839,2014-03,2014,03,7.847366246,4.906643135
Akwa Ibom,600840.7102,2014-04,2014,04,7.847366246,4.906643135
Akwa Ibom,443533.7457,2014-05,2014,05,7.847366246,4.906643135
Akwa Ibom,246435.0979,2014-06,2014,06,7.847366246,4.906643135
Akwa Ibom,241100.0336,2014-07,2014,07,7.847366246,4.906643135
Akwa Ibom,229817.2541,2014-08,2014,08,7.847366246,4.906643135
Akwa Ibom,108689.3633,2014-09,2014,09,7.847366246,4.906643135
Akwa Ibom,593964.3578,2014-10,2014,10,7.847366246,4.906643135
Akwa Ibom,486048.8014,2014-11,2014,11,7.847366246,4.906643135
Akwa Ibom,859796.4507,2014-12,2014,12,7.847366246,4.906643135
Akwa Ibom,919506.028,2015-01,2015,01,7.847366246,4.906643135
Akwa Ibom,539741.2358,2015-02,2015,02,7.847366246,4.906643135
Akwa Ibom,232389.1604,2015-03,2015,03,7.847366246,4.906643135
Akwa Ibom,596484.4148,2015-04,2015,04,7.847366246,4.906643135
Akwa Ibom,540868.6578,2015-05,2015,05,7.847366246,4.906643135
Akwa Ibom,234174.7175,2015-06,2015,06,7.847366246,4.906643135
Akwa Ibom,219685.2282,2015-07,2015,07,7.847366246,4.906643135
Akwa Ibom,72017.6337,2015-08,2015,08,7.847366246,4.906643135
Akwa Ibom,228975.5581,2015-09,2015,09,7.847366246,4.906643135
Akwa Ibom,379918.9553,2015-10,2015,10,7.847366246,4.906643135
Akwa Ibom,562929.4662,2015-11,2015,11,7.847366246,4.906643135
Akwa Ibom,679108.2254,2015-12,2015,12,7.847366246,4.906643135
Akwa Ibom,887295.0942,2016-01,2016,01,7.847366246,4.906643135
Akwa Ibom,461711.8385,2016-02,2016,02,7.847366246,4.906643135
Akwa Ibom,291022.6821,2016-03,2016,03,7.847366246,4.906643135
Akwa Ibom,525148.0696,2016-04,2016,04,7.847366246,4.906643135
Akwa Ibom,591308.5122,2016-05,2016,05,7.847366246,4.906643135
Akwa Ibom,635609.6282,2016-06,2016,06,7.847366246,4.906643135
Akwa Ibom,185298.9221,2016-07,2016,07,7.847366246,4.906643135
Akwa Ibom,88361.25688,2016-09,2016,09,7.847366246,4.906643135
Akwa Ibom,539473.3297,2016-10,2016,10,7.847366246,4.906643135
Akwa Ibom,417893.2892,2016-11,2016,11,7.847366246,4.906643135
Akwa Ibom,435930.2605,2016-12,2016,12,7.847366246,4.906643135
Akwa Ibom,690919.172,2017-01,2017,01,7.847366246,4.906643135
Akwa Ibom,526934.7583,2017-02,2017,02,7.847366246,4.906643135
Akwa Ibom,434720.8897,2017-03,2017,03,7.847366246,4.906643135
Akwa Ibom,290028.0262,2017-04,2017,04,7.847366246,4.906643135
Akwa Ibom,473683.255,2017-05,2017,05,7.847366246,4.906643135
Akwa Ibom,259405.0458,2017-06,2017,06,7.847366246,4.906643135
Akwa Ibom,466205.3541,2017-07,2017,07,7.847366246,4.906643135
Akwa Ibom,224092.2482,2017-08,2017,08,7.847366246,4.906643135
Akwa Ibom,532282.829,2017-09,2017,09,7.847366246,4.906643135
Akwa Ibom,768061.8436,2017-10,2017,10,7.847366246,4.906643135
Akwa Ibom,324876.0587,2017-11,2017,11,7.847366246,4.906643135
Akwa Ibom,536895.2568,2017-12,2017,12,7.847366246,4.906643135
Akwa Ibom,539066.3729,2018-01,2018,01,7.847366246,4.906643135
Akwa Ibom,468611.5415,2018-02,2018,02,7.847366246,4.906643135
Akwa Ibom,734104.9042,2018-03,2018,03,7.847366246,4.906643135
Akwa Ibom,555256.8612,2018-04,2018,04,7.847366246,4.906643135
Akwa Ibom,486998.1755,2018-05,2018,05,7.847366246,4.906643135
Akwa Ibom,382605.3723,2018-06,2018,06,7.847366246,4.906643135
Akwa Ibom,139569.4585,2018-07,2018,07,7.847366246,4.906643135
Akwa Ibom,156589.9089,2018-08,2018,08,7.847366246,4.906643135
Akwa Ibom,504525.672,2018-09,2018,09,7.847366246,4.906643135
Akwa Ibom,446182.2779,2018-10,2018,10,7.847366246,4.906643135
Akwa Ibom,477190.5252,2018-11,2018,11,7.847366246,4.906643135
Akwa Ibom,459494.3052,2018-12,2018,12,7.847366246,4.906643135
Akwa Ibom,354424.5266,2019-01,2019,01,7.847366246,4.906643135
Akwa Ibom,325434.5452,2019-02,2019,02,7.847366246,4.906643135
Akwa Ibom,416167.7634,2019-03,2019,03,7.847366246,4.906643135
Akwa Ibom,737513.3883,2019-04,2019,04,7.847366246,4.906643135
Akwa Ibom,314488.0023,2019-05,2019,05,7.847366246,4.906643135
Akwa Ibom,402487.3619,2019-06,2019,06,7.847366246,4.906643135
Akwa Ibom,156897.0456,2019-08,2019,08,7.847366246,4.906643135
Akwa Ibom,294278.7536,2019-09,2019,09,7.847366246,4.906643135
Akwa Ibom,287918.843,2019-10,2019,10,7.847366246,4.906643135
Akwa Ibom,471752.3777,2019-11,2019,11,7.847366246,4.906643135
Akwa Ibom,420033.8234,2019-12,2019,12,7.847366246,4.906643135
Akwa Ibom,363919.5417,2020-01,2020,01,7.847366246,4.906643135
Akwa Ibom,223977.6665,2020-02,2020,02,7.847366246,4.906643135
Akwa Ibom,256568.228,2020-03,2020,03,7.847366246,4.906643135
Akwa Ibom,330489.9148,2020-04,2020,04,7.847366246,4.906643135
Akwa Ibom,260906.2739,2020-05,2020,05,7.847366246,4.906643135
Akwa Ibom,361486.4971,2020-06,2020,06,7.847366246,4.906643135
Akwa Ibom,210462.8732,2020-07,2020,07,7.847366246,4.906643135
Akwa Ibom,103197.217,2020-08,2020,08,7.847366246,4.906643135
Akwa Ibom,215186.6482,2020-10,2020,10,7.847366246,4.906643135
Akwa Ibom,180716.949,2020-11,2020,11,7.847366246,4.906643135
Akwa Ibom,175947.4816,2020-12,2020,12,7.847366246,4.906643135
Akwa Ibom,196172.8833,2021-01,2021,01,7.847366246,4.906643135
Akwa Ibom,148950.5206,2021-02,2021,02,7.847366246,4.906643135
Akwa Ibom,142701.8649,2021-03,2021,03,7.847366246,4.906643135
Akwa Ibom,204897.7183,2021-04,2021,04,7.847366246,4.906643135
Akwa Ibom,155928.6666,2021-05,2021,05,7.847366246,4.906643135
Akwa Ibom,211931.9393,2021-06,2021,06,7.847366246,4.906643135
Akwa Ibom,94366.11251,2021-07,2021,07,7.847366246,4.906643135
Akwa Ibom,320517.8423,2021-08,2021,08,7.847366246,4.906643135
Akwa Ibom,103712.8428,2021-09,2021,09,7.847366246,4.906643135
Akwa Ibom,122700.9216,2021-10,2021,10,7.847366246,4.906643135
Akwa Ibom,252757.3156,2021-11,2021,11,7.847366246,4.906643135
Akwa Ibom,321633.5845,2021-12,2021,12,7.847366246,4.906643135
Akwa Ibom,198744.7928,2022-01,2022,01,7.847366246,4.906643135
Akwa Ibom,157045.372,2022-02,2022,02,7.847366246,4.906643135
Akwa Ibom,64757.79343,2022-03,2022,03,7.847366246,4.906643135
Akwa Ibom,201100.1711,2022-04,2022,04,7.847366246,4.906643135
Akwa Ibom,147061.3806,2022-05,2022,05,7.847366246,4.906643135
Akwa Ibom,174018.3218,2022-06,2022,06,7.847366246,4.906643135
Akwa Ibom,267143.6441,2022-07,2022,07,7.847366246,4.906643135
Akwa Ibom,115657.2274,2022-08,2022,08,7.847366246,4.906643135
Akwa Ibom,139328.398,2022-09,2022,09,7.847366246,4.906643135
Akwa Ibom,125469.0935,2022-10,2022,10,7.847366246,4.906643135
Akwa Ibom,214512.271,2022-11,2022,11,7.847366246,4.906643135
Akwa Ibom,337492.6089,2022-12,2022,12,7.847366246,4.906643135
Akwa Ibom,224595.2942,2023-01,2023,01,7.847366246,4.906643135
Akwa Ibom,193309.8775,2023-02,2023,02,7.847366246,4.906643135
Akwa Ibom,163690.846,2023-03,2023,03,7.847366246,4.906643135
Akwa Ibom,13215.7174,2023-07,2023,07,7.847366246,4.906643135
Akwa Ibom,705318.6814,2023-10,2023,10,7.847366246,4.906643135
Anambra,90869.70727,2012-12,2012,12,6.932186088,6.222775876
Anambra,58590.23179,2013-01,2013,01,6.932186088,6.222775876
Anambra,52563.3427,2013-02,2013,02,6.932186088,6.222775876
Anambra,175928.992,2013-08,2013,08,6.932186088,6.222775876
Anambra,92243.9086,2013-09,2013,09,6.932186088,6.222775876
Anambra,51720.16189,2013-10,2013,10,6.932186088,6.222775876
Anambra,88039.57766,2013-11,2013,11,6.932186088,6.222775876
Anambra,91282.65698,2013-12,2013,12,6.932186088,6.222775876
Anambra,88415.57657,2014-01,2014,01,6.932186088,6.222775876
Anambra,84185.11997,2014-04,2014,04,6.932186088,6.222775876
Anambra,107528.3982,2014-05,2014,05,6.932186088,6.222775876
Anambra,89660.88946,2014-06,2014,06,6.932186088,6.222775876
Anambra,62700.71758,2014-07,2014,07,6.932186088,6.222775876
Anambra,100076.4731,2014-12,2014,12,6.932186088,6.222775876
Anambra,64841.33842,2015-01,2015,01,6.932186088,6.222775876
Anambra,18479.86981,2015-02,2015,02,6.932186088,6.222775876
Anambra,43421.34882,2015-03,2015,03,6.932186088,6.222775876
Anambra,66718.40116,2015-05,2015,05,6.932186088,6.222775876
Anambra,63935.23519,2015-06,2015,06,6.932186088,6.222775876
Anambra,81918.34225,2015-11,2015,11,6.932186088,6.222775876
Anambra,75100.15578,2015-12,2015,12,6.932186088,6.222775876
Anambra,15284.95908,2019-11,2019,11,6.932186088,6.222775876
Anambra,19096.76838,2019-12,2019,12,6.932186088,6.222775876
Anambra,13216.33122,2020-01,2020,01,6.932186088,6.222775876
Anambra,23190.6929,2020-02,2020,02,6.932186088,6.222775876
Anambra,12961.86007,2020-09,2020,09,6.932186088,6.222775876
Anambra,20509.34502,2021-11,2021,11,6.932186088,6.222775876
Anambra,23175.2049,2021-12,2021,12,6.932186088,6.222775876
Anambra,43952.69573,2022-01,2022,01,6.932186088,6.222775876
Anambra,49565.50147,2022-02,2022,02,6.932186088,6.222775876
Anambra,57168.29433,2022-03,2022,03,6.932186088,6.222775876
Anambra,134066.2442,2022-04,2022,04,6.932186088,6.222775876
Anambra,54856.52441,2022-05,2022,05,6.932186088,6.222775876
Anambra,67440.96168,2022-07,2022,07,6.932186088,6.222775876
Anambra,109065.4135,2022-08,2022,08,6.932186088,6.222775876
Anambra,75306.99227,2022-09,2022,09,6.932186088,6.222775876
Anambra,96752.65909,2022-10,2022,10,6.932186088,6.222775876
Anambra,104227.1855,2022-11,2022,11,6.932186088,6.222775876
Anambra,193874.5731,2022-12,2022,12,6.932186088,6.222775876
Anambra,174027.089,2023-01,2023,01,6.932186088,6.222775876
Anambra,157399.3092,2023-02,2023,02,6.932186088,6.222775876
Anambra,129928.8138,2023-03,2023,03,6.932186088,6.222775876
Anambra,472883.9006,2023-06,2023,06,6.932186088,6.222775876
Anambra,423366.1702,2023-07,2023,07,6.932186088,6.222775876
Anambra,176140.4616,2023-08,2023,08,6.932186088,6.222775876
Anambra,135667.2119,2023-09,2023,09,6.932186088,6.222775876
Anambra,196542.9751,2023-10,2023,10,6.932186088,6.222775876
Bayelsa,1870328.048,2012-03,2012,03,6.080417668,4.766315393
Bayelsa,3122739.426,2012-04,2012,04,6.080417668,4.766315393
Bayelsa,3412699.731,2012-05,2012,05,6.080417668,4.766315393
Bayelsa,5864937.573,2012-06,2012,06,6.080417668,4.766315393
Bayelsa,2262813.976,2012-07,2012,07,6.080417668,4.766315393
Bayelsa,2985485.254,2012-08,2012,08,6.080417668,4.766315393
Bayelsa,2920090.855,2012-09,2012,09,6.080417668,4.766315393
Bayelsa,2334870.724,2012-10,2012,10,6.080417668,4.766315393
Bayelsa,2720782.355,2012-11,2012,11,6.080417668,4.766315393
Bayelsa,2932722.685,2012-12,2012,12,6.080417668,4.766315393
Bayelsa,2661995.39,2013-01,2013,01,6.080417668,4.766315393
Bayelsa,2781373.987,2013-02,2013,02,6.080417668,4.766315393
Bayelsa,3414919.849,2013-03,2013,03,6.080417668,4.766315393
Bayelsa,2744165.501,2013-04,2013,04,6.080417668,4.766315393
Bayelsa,3450250.699,2013-05,2013,05,6.080417668,4.766315393
Bayelsa,1821160.519,2013-06,2013,06,6.080417668,4.766315393
Bayelsa,2240998.854,2013-07,2013,07,6.080417668,4.766315393
Bayelsa,2106284,2013-08,2013,08,6.080417668,4.766315393
Bayelsa,1567779.316,2013-09,2013,09,6.080417668,4.766315393
Bayelsa,2645038.73,2013-10,2013,10,6.080417668,4.766315393
Bayelsa,2871201.79,2013-11,2013,11,6.080417668,4.766315393
Bayelsa,3229774.575,2013-12,2013,12,6.080417668,4.766315393
Bayelsa,2882969.799,2014-01,2014,01,6.080417668,4.766315393
Bayelsa,2276555.778,2014-02,2014,02,6.080417668,4.766315393
Bayelsa,2756974.421,2014-03,2014,03,6.080417668,4.766315393
Bayelsa,3100924.108,2014-04,2014,04,6.080417668,4.766315393
Bayelsa,2632845.364,2014-05,2014,05,6.080417668,4.766315393
Bayelsa,2238402.761,2014-06,2014,06,6.080417668,4.766315393
Bayelsa,3128324.539,2014-07,2014,07,6.080417668,4.766315393
Bayelsa,2746023.063,2014-08,2014,08,6.080417668,4.766315393
Bayelsa,3003858.871,2014-09,2014,09,6.080417668,4.766315393
Bayelsa,2339963.579,2014-10,2014,10,6.080417668,4.766315393
Bayelsa,3009021.652,2014-11,2014,11,6.080417668,4.766315393
Bayelsa,2805544.301,2014-12,2014,12,6.080417668,4.766315393
Bayelsa,2407330.483,2015-01,2015,01,6.080417668,4.766315393
Bayelsa,2985396.703,2015-02,2015,02,6.080417668,4.766315393
Bayelsa,2060993.556,2015-03,2015,03,6.080417668,4.766315393
Bayelsa,2091589.425,2015-04,2015,04,6.080417668,4.766315393
Bayelsa,2690361.776,2015-05,2015,05,6.080417668,4.766315393
Bayelsa,1374447.538,2015-06,2015,06,6.080417668,4.766315393
Bayelsa,1133562.008,2015-07,2015,07,6.080417668,4.766315393
Bayelsa,828010.5984,2015-08,2015,08,6.080417668,4.766315393
Bayelsa,1554910.033,2015-09,2015,09,6.080417668,4.766315393
Bayelsa,2194296.492,2015-10,2015,10,6.080417668,4.766315393
Bayelsa,2424725.573,2015-11,2015,11,6.080417668,4.766315393
Bayelsa,1992195.933,2015-12,2015,12,6.080417668,4.766315393
Bayelsa,2481351.633,2016-01,2016,01,6.080417668,4.766315393
Bayelsa,2057450.756,2016-02,2016,02,6.080417668,4.766315393
Bayelsa,3457355.565,2016-03,2016,03,6.080417668,4.766315393
Bayelsa,3144972.816,2016-04,2016,04,6.080417668,4.766315393
Bayelsa,2568220.558,2016-05,2016,05,6.080417668,4.766315393
Bayelsa,1781604.478,2016-06,2016,06,6.080417668,4.766315393
Bayelsa,2512406.485,2016-07,2016,07,6.080417668,4.766315393
Bayelsa,1812411.542,2016-08,2016,08,6.080417668,4.766315393
Bayelsa,3187606.723,2016-09,2016,09,6.080417668,4.766315393
Bayelsa,3312013.57,2016-10,2016,10,6.080417668,4.766315393
Bayelsa,5743303.218,2016-11,2016,11,6.080417668,4.766315393
Bayelsa,2909776.654,2016-12,2016,12,6.080417668,4.766315393
Bayelsa,2668599.049,2017-01,2017,01,6.080417668,4.766315393
Bayelsa,1951334.346,2017-02,2017,02,6.080417668,4.766315393
Bayelsa,2264768.44,2017-03,2017,03,6.080417668,4.766315393
Bayelsa,2193709.176,2017-04,2017,04,6.080417668,4.766315393
Bayelsa,3759617.425,2017-05,2017,05,6.080417668,4.766315393
Bayelsa,5243834.569,2017-06,2017,06,6.080417668,4.766315393
Bayelsa,1992340.839,2017-07,2017,07,6.080417668,4.766315393
Bayelsa,1631802.471,2017-08,2017,08,6.080417668,4.766315393
Bayelsa,1774759.902,2017-09,2017,09,6.080417668,4.766315393
Bayelsa,2844265.476,2017-10,2017,10,6.080417668,4.766315393
Bayelsa,3756442.382,2017-11,2017,11,6.080417668,4.766315393
Bayelsa,3200297.882,2017-12,2017,12,6.080417668,4.766315393
Bayelsa,3740264.059,2018-01,2018,01,6.080417668,4.766315393
Bayelsa,3080625.393,2018-02,2018,02,6.080417668,4.766315393
Bayelsa,3437896.371,2018-03,2018,03,6.080417668,4.766315393
Bayelsa,3833471.636,2018-04,2018,04,6.080417668,4.766315393
Bayelsa,3055713.199,2018-05,2018,05,6.080417668,4.766315393
Bayelsa,3314630.771,2018-06,2018,06,6.080417668,4.766315393
Bayelsa,2663725.378,2018-07,2018,07,6.080417668,4.766315393
Bayelsa,3126710.324,2018-08,2018,08,6.080417668,4.766315393
Bayelsa,3566591.224,2018-09,2018,09,6.080417668,4.766315393
Bayelsa,3818320.386,2018-10,2018,10,6.080417668,4.766315393
Bayelsa,4717110.572,2018-11,2018,11,6.080417668,4.766315393
Bayelsa,3925233.309,2018-12,2018,12,6.080417668,4.766315393
Bayelsa,3702518.347,2019-01,2019,01,6.080417668,4.766315393
Bayelsa,3184700.712,2019-02,2019,02,6.080417668,4.766315393
Bayelsa,3281534.599,2019-03,2019,03,6.080417668,4.766315393
Bayelsa,3277170.934,2019-04,2019,04,6.080417668,4.766315393
Bayelsa,4197967.944,2019-05,2019,05,6.080417668,4.766315393
Bayelsa,3891237.592,2019-06,2019,06,6.080417668,4.766315393
Bayelsa,3023498.417,2019-07,2019,07,6.080417668,4.766315393
Bayelsa,2837773.829,2019-08,2019,08,6.080417668,4.766315393
Bayelsa,2594265.288,2019-09,2019,09,6.080417668,4.766315393
Bayelsa,3733705.062,2019-10,2019,10,6.080417668,4.766315393
Bayelsa,3651240.978,2019-11,2019,11,6.080417668,4.766315393
Bayelsa,5671716.194,2019-12,2019,12,6.080417668,4.766315393
Bayelsa,5150081.001,2020-01,2020,01,6.080417668,4.766315393
Bayelsa,3281551.42,2020-02,2020,02,6.080417668,4.766315393
Bayelsa,4366921.53,2020-03,2020,03,6.080417668,4.766315393
Bayelsa,4756272.239,2020-04,2020,04,6.080417668,4.766315393
Bayelsa,5585885.815,2020-05,2020,05,6.080417668,4.766315393
Bayelsa,3116784.527,2020-06,2020,06,6.080417668,4.766315393
Bayelsa,888072.6646,2020-07,2020,07,6.080417668,4.766315393
Bayelsa,1935502.95,2020-08,2020,08,6.080417668,4.766315393
Bayelsa,541075.4489,2020-09,2020,09,6.080417668,4.766315393
Bayelsa,2528185.861,2020-10,2020,10,6.080417668,4.766315393
Bayelsa,1917136.114,2020-11,2020,11,6.080417668,4.766315393
Bayelsa,2687886.341,2020-12,2020,12,6.080417668,4.766315393
Bayelsa,3994453.469,2021-01,2021,01,6.080417668,4.766315393
Bayelsa,2239356.443,2021-02,2021,02,6.080417668,4.766315393
Bayelsa,1495690.12,2021-03,2021,03,6.080417668,4.766315393
Bayelsa,1574044.733,2021-04,2021,04,6.080417668,4.766315393
Bayelsa,732909.6544,2021-05,2021,05,6.080417668,4.766315393
Bayelsa,1547637.547,2021-06,2021,06,6.080417668,4.766315393
Bayelsa,1133259.321,2021-07,2021,07,6.080417668,4.766315393
Bayelsa,819455.1562,2021-08,2021,08,6.080417668,4.766315393
Bayelsa,805167.8076,2021-09,2021,09,6.080417668,4.766315393
Bayelsa,916283.473,2021-10,2021,10,6.080417668,4.766315393
Bayelsa,2729126.867,2021-11,2021,11,6.080417668,4.766315393
Bayelsa,2807120.648,2021-12,2021,12,6.080417668,4.766315393
Bayelsa,2878611.545,2022-01,2022,01,6.080417668,4.766315393
Bayelsa,3180321.22,2022-02,2022,02,6.080417668,4.766315393
Bayelsa,1145217.497,2022-03,2022,03,6.080417668,4.766315393
Bayelsa,377218.2791,2022-04,2022,04,6.080417668,4.766315393
Bayelsa,628061.6821,2022-05,2022,05,6.080417668,4.766315393
Bayelsa,324984.0278,2022-06,2022,06,6.080417668,4.766315393
Bayelsa,456710.758,2022-07,2022,07,6.080417668,4.766315393
Bayelsa,632722.4253,2022-08,2022,08,6.080417668,4.766315393
Bayelsa,731738.6134,2022-09,2022,09,6.080417668,4.766315393
Bayelsa,1261723.208,2022-10,2022,10,6.080417668,4.766315393
Bayelsa,2279721.324,2022-11,2022,11,6.080417668,4.766315393
Bayelsa,1373427.721,2022-12,2022,12,6.080417668,4.766315393
Bayelsa,1307652.318,2023-01,2023,01,6.080417668,4.766315393
Bayelsa,996994.9748,2023-02,2023,02,6.080417668,4.766315393
Bayelsa,619416.4846,2023-03,2023,03,6.080417668,4.766315393
Bayelsa,309636.355,2023-04,2023,04,6.080417668,4.766315393
Bayelsa,885004.8456,2023-05,2023,05,6.080417668,4.766315393
Bayelsa,577208.8784,2023-06,2023,06,6.080417668,4.766315393
Bayelsa,483794.0259,2023-07,2023,07,6.080417668,4.766315393
Bayelsa,566444.4093,2023-08,2023,08,6.080417668,4.766315393
Bayelsa,1302353.728,2023-09,2023,09,6.080417668,4.766315393
Bayelsa,1451244.621,2023-10,2023,10,6.080417668,4.766315393
Delta,3645844.418,2012-03,2012,03,5.936929598,5.704898235
Delta,4876586.161,2012-04,2012,04,5.936929598,5.704898235
Delta,4977953.59,2012-05,2012,05,5.936929598,5.704898235
Delta,5015135.079,2012-06,2012,06,5.936929598,5.704898235
Delta,3985202.343,2012-07,2012,07,5.936929598,5.704898235
Delta,4813328.99,2012-08,2012,08,5.936929598,5.704898235
Delta,5348820.094,2012-09,2012,09,5.936929598,5.704898235
Delta,5178276.943,2012-10,2012,10,5.936929598,5.704898235
Delta,4801167.768,2012-11,2012,11,5.936929598,5.704898235
Delta,6383086.848,2012-12,2012,12,5.936929598,5.704898235
Delta,6303270.364,2013-01,2013,01,5.936929598,5.704898235
Delta,4735859.222,2013-02,2013,02,5.936929598,5.704898235
Delta,5573448.537,2013-03,2013,03,5.936929598,5.704898235
Delta,6399193.103,2013-04,2013,04,5.936929598,5.704898235
Delta,5280119.943,2013-05,2013,05,5.936929598,5.704898235
Delta,6172067.789,2013-06,2013,06,5.936929598,5.704898235
Delta,4499338.846,2013-07,2013,07,5.936929598,5.704898235
Delta,3454491.782,2013-08,2013,08,5.936929598,5.704898235
Delta,2883216.072,2013-09,2013,09,5.936929598,5.704898235
Delta,5298544.045,2013-10,2013,10,5.936929598,5.704898235
Delta,5358101.897,2013-11,2013,11,5.936929598,5.704898235
Delta,5304338.908,2013-12,2013,12,5.936929598,5.704898235
Delta,5381976.081,2014-01,2014,01,5.936929598,5.704898235
Delta,3971129.629,2014-02,2014,02,5.936929598,5.704898235
Delta,4100551.126,2014-03,2014,03,5.936929598,5.704898235
Delta,4187287.99,2014-04,2014,04,5.936929598,5.704898235
Delta,4632618.895,2014-05,2014,05,5.936929598,5.704898235
Delta,4871774.762,2014-06,2014,06,5.936929598,5.704898235
Delta,3902446.594,2014-07,2014,07,5.936929598,5.704898235
Delta,5729720.943,2014-08,2014,08,5.936929598,5.704898235
Delta,3924311.03,2014-09,2014,09,5.936929598,5.704898235
Delta,4860885.548,2014-10,2014,10,5.936929598,5.704898235
Delta,4894418.922,2014-11,2014,11,5.936929598,5.704898235
Delta,6393496.866,2014-12,2014,12,5.936929598,5.704898235
Delta,6778886.29,2015-01,2015,01,5.936929598,5.704898235
Delta,5270221.416,2015-02,2015,02,5.936929598,5.704898235
Delta,4678572.64,2015-03,2015,03,5.936929598,5.704898235
Delta,4375261.681,2015-04,2015,04,5.936929598,5.704898235
Delta,4359253.693,2015-05,2015,05,5.936929598,5.704898235
Delta,2800139.292,2015-06,2015,06,5.936929598,5.704898235
Delta,3589107.561,2015-07,2015,07,5.936929598,5.704898235
Delta,3780083.168,2015-08,2015,08,5.936929598,5.704898235
Delta,4220284.546,2015-09,2015,09,5.936929598,5.704898235
Delta,5357442.843,2015-10,2015,10,5.936929598,5.704898235
Delta,7281372.747,2015-11,2015,11,5.936929598,5.704898235
Delta,6978666.773,2015-12,2015,12,5.936929598,5.704898235
Delta,6863274.846,2016-01,2016,01,5.936929598,5.704898235
Delta,4669896.387,2016-02,2016,02,5.936929598,5.704898235
Delta,3745377.444,2016-03,2016,03,5.936929598,5.704898235
Delta,4151844.291,2016-04,2016,04,5.936929598,5.704898235
Delta,3501872.732,2016-05,2016,05,5.936929598,5.704898235
Delta,2907298.766,2016-06,2016,06,5.936929598,5.704898235
Delta,4446454.105,2016-07,2016,07,5.936929598,5.704898235
Delta,3042903.789,2016-08,2016,08,5.936929598,5.704898235
Delta,2217376.887,2016-09,2016,09,5.936929598,5.704898235
Delta,3549051.721,2016-10,2016,10,5.936929598,5.704898235
Delta,3168415.272,2016-11,2016,11,5.936929598,5.704898235
Delta,3160694.348,2016-12,2016,12,5.936929598,5.704898235
Delta,3721257.078,2017-01,2017,01,5.936929598,5.704898235
Delta,3316094.646,2017-02,2017,02,5.936929598,5.704898235
Delta,4306565.087,2017-03,2017,03,5.936929598,5.704898235
Delta,3652766.309,2017-04,2017,04,5.936929598,5.704898235
Delta,6179923.436,2017-05,2017,05,5.936929598,5.704898235
Delta,7009904.014,2017-06,2017,06,5.936929598,5.704898235
Delta,5838404.487,2017-07,2017,07,5.936929598,5.704898235
Delta,5975472.269,2017-08,2017,08,5.936929598,5.704898235
Delta,5354939.601,2017-09,2017,09,5.936929598,5.704898235
Delta,6536867.483,2017-10,2017,10,5.936929598,5.704898235
Delta,7560823.459,2017-11,2017,11,5.936929598,5.704898235
Delta,7000861.221,2017-12,2017,12,5.936929598,5.704898235
Delta,8154696.917,2018-01,2018,01,5.936929598,5.704898235
Delta,8157929.202,2018-02,2018,02,5.936929598,5.704898235
Delta,11169911.98,2018-03,2018,03,5.936929598,5.704898235
Delta,7849748.733,2018-04,2018,04,5.936929598,5.704898235
Delta,10272817.88,2018-05,2018,05,5.936929598,5.704898235
Delta,7820315.269,2018-06,2018,06,5.936929598,5.704898235
Delta,9081892.44,2018-07,2018,07,5.936929598,5.704898235
Delta,6911959.769,2018-08,2018,08,5.936929598,5.704898235
Delta,6580769.567,2018-09,2018,09,5.936929598,5.704898235
Delta,7045872.539,2018-10,2018,10,5.936929598,5.704898235
Delta,11054463.72,2018-11,2018,11,5.936929598,5.704898235
Delta,12059185.52,2018-12,2018,12,5.936929598,5.704898235
Delta,10432326.99,2019-01,2019,01,5.936929598,5.704898235
Delta,8488048.044,2019-02,2019,02,5.936929598,5.704898235
Delta,9817008.394,2019-03,2019,03,5.936929598,5.704898235
Delta,8732235.341,2019-04,2019,04,5.936929598,5.704898235
Delta,8935579.682,2019-05,2019,05,5.936929598,5.704898235
Delta,5810666.234,2019-06,2019,06,5.936929598,5.704898235
Delta,4766194.15,2019-07,2019,07,5.936929598,5.704898235
Delta,6007539.244,2019-08,2019,08,5.936929598,5.704898235
Delta,4639857.744,2019-09,2019,09,5.936929598,5.704898235
Delta,7468495.755,2019-10,2019,10,5.936929598,5.704898235
Delta,6508573.201,2019-11,2019,11,5.936929598,5.704898235
Delta,11554208.66,2019-12,2019,12,5.936929598,5.704898235
Delta,9365026.194,2020-01,2020,01,5.936929598,5.704898235
Delta,6913982.732,2020-02,2020,02,5.936929598,5.704898235
Delta,7586342.405,2020-03,2020,03,5.936929598,5.704898235
Delta,9350814.271,2020-04,2020,04,5.936929598,5.704898235
Delta,9462030.372,2020-05,2020,05,5.936929598,5.704898235
Delta,6316866.684,2020-06,2020,06,5.936929598,5.704898235
Delta,4148507.817,2020-07,2020,07,5.936929598,5.704898235
Delta,8251631.853,2020-08,2020,08,5.936929598,5.704898235
Delta,2197137.504,2020-09,2020,09,5.936929598,5.704898235
Delta,6279907.262,2020-10,2020,10,5.936929598,5.704898235
Delta,9404706.384,2020-11,2020,11,5.936929598,5.704898235
Delta,8836076.066,2020-12,2020,12,5.936929598,5.704898235
Delta,8336337.412,2021-01,2021,01,5.936929598,5.704898235
Delta,7062893.694,2021-02,2021,02,5.936929598,5.704898235
Delta,4789217.995,2021-03,2021,03,5.936929598,5.704898235
Delta,6741325.351,2021-04,2021,04,5.936929598,5.704898235
Delta,790698.6455,2021-05,2021,05,5.936929598,5.704898235
Delta,4997361.868,2021-06,2021,06,5.936929598,5.704898235
Delta,6261409.037,2021-07,2021,07,5.936929598,5.704898235
Delta,554494.836,2021-08,2021,08,5.936929598,5.704898235
Delta,1287445.528,2021-09,2021,09,5.936929598,5.704898235
Delta,4192747.614,2021-10,2021,10,5.936929598,5.704898235
Delta,5634059.972,2021-11,2021,11,5.936929598,5.704898235
Delta,6782164.285,2021-12,2021,12,5.936929598,5.704898235
Delta,8550441.962,2022-01,2022,01,5.936929598,5.704898235
Delta,5470550.813,2022-02,2022,02,5.936929598,5.704898235
Delta,4796057.682,2022-03,2022,03,5.936929598,5.704898235
Delta,3400200.482,2022-04,2022,04,5.936929598,5.704898235
Delta,4514494.658,2022-05,2022,05,5.936929598,5.704898235
Delta,1903424.872,2022-06,2022,06,5.936929598,5.704898235
Delta,3339962.12,2022-07,2022,07,5.936929598,5.704898235
Delta,2091511.221,2022-08,2022,08,5.936929598,5.704898235
Delta,1172870.211,2022-09,2022,09,5.936929598,5.704898235
Delta,2536872.276,2022-10,2022,10,5.936929598,5.704898235
Delta,6180163.101,2022-11,2022,11,5.936929598,5.704898235
Delta,7486558.234,2022-12,2022,12,5.936929598,5.704898235
Delta,5195055.181,2023-01,2023,01,5.936929598,5.704898235
Delta,6024823.643,2023-02,2023,02,5.936929598,5.704898235
Delta,6938252.249,2023-03,2023,03,5.936929598,5.704898235
Delta,4369781.247,2023-04,2023,04,5.936929598,5.704898235
Delta,4694285.642,2023-05,2023,05,5.936929598,5.704898235
Delta,1847283.734,2023-06,2023,06,5.936929598,5.704898235
Delta,4184297.535,2023-07,2023,07,5.936929598,5.704898235
Delta,2281625.84,2023-08,2023,08,5.936929598,5.704898235
Delta,2109031.489,2023-09,2023,09,5.936929598,5.704898235
Delta,4639635.009,2023-10,2023,10,5.936929598,5.704898235
Edo,1158146.713,2012-03,2012,03,5.93021466,6.633537264
Edo,972636.2853,2012-04,2012,04,5.93021466,6.633537264
Edo,1299485.626,2012-05,2012,05,5.93021466,6.633537264
Edo,1567101.08,2012-06,2012,06,5.93021466,6.633537264
Edo,1042889.243,2012-07,2012,07,5.93021466,6.633537264
Edo,1633866.793,2012-08,2012,08,5.93021466,6.633537264
Edo,1341038.208,2012-09,2012,09,5.93021466,6.633537264
Edo,959945.9416,2012-10,2012,10,5.93021466,6.633537264
Edo,1220302.901,2012-11,2012,11,5.93021466,6.633537264
Edo,1021154.353,2012-12,2012,12,5.93021466,6.633537264
Edo,1282003.346,2013-01,2013,01,5.93021466,6.633537264
Edo,1059825.572,2013-02,2013,02,5.93021466,6.633537264
Edo,1155653.706,2013-03,2013,03,5.93021466,6.633537264
Edo,1488803.127,2013-04,2013,04,5.93021466,6.633537264
Edo,1302720.483,2013-05,2013,05,5.93021466,6.633537264
Edo,1582167.218,2013-06,2013,06,5.93021466,6.633537264
Edo,660147.5961,2013-07,2013,07,5.93021466,6.633537264
Edo,1415451.826,2013-08,2013,08,5.93021466,6.633537264
Edo,1151479.869,2013-09,2013,09,5.93021466,6.633537264
Edo,1860004.527,2013-10,2013,10,5.93021466,6.633537264
Edo,2030134.871,2013-11,2013,11,5.93021466,6.633537264
Edo,3072417.603,2013-12,2013,12,5.93021466,6.633537264
Edo,1433134.248,2014-01,2014,01,5.93021466,6.633537264
Edo,1815845.428,2014-02,2014,02,5.93021466,6.633537264
Edo,1130005.106,2014-03,2014,03,5.93021466,6.633537264
Edo,747087.2001,2014-04,2014,04,5.93021466,6.633537264
Edo,1655844.273,2014-05,2014,05,5.93021466,6.633537264
Edo,1135547.773,2014-06,2014,06,5.93021466,6.633537264
Edo,903081.9952,2014-07,2014,07,5.93021466,6.633537264
Edo,1315487.128,2014-08,2014,08,5.93021466,6.633537264
Edo,2098098.965,2014-09,2014,09,5.93021466,6.633537264
Edo,1688564.185,2014-10,2014,10,5.93021466,6.633537264
Edo,1483508.579,2014-11,2014,11,5.93021466,6.633537264
Edo,2771154.85,2014-12,2014,12,5.93021466,6.633537264
Edo,2792118.653,2015-01,2015,01,5.93021466,6.633537264
Edo,1201025.874,2015-02,2015,02,5.93021466,6.633537264
Edo,1245632.056,2015-03,2015,03,5.93021466,6.633537264
Edo,1018719.785,2015-04,2015,04,5.93021466,6.633537264
Edo,1734952.788,2015-05,2015,05,5.93021466,6.633537264
Edo,583496.9186,2015-06,2015,06,5.93021466,6.633537264
Edo,639978.9523,2015-07,2015,07,5.93021466,6.633537264
Edo,1328236.063,2015-08,2015,08,5.93021466,6.633537264
Edo,1452135.979,2015-09,2015,09,5.93021466,6.633537264
Edo,2040323.961,2015-10,2015,10,5.93021466,6.633537264
Edo,2173151.627,2015-11,2015,11,5.93021466,6.633537264
Edo,2607843.946,2015-12,2015,12,5.93021466,6.633537264
Edo,1493915.758,2016-01,2016,01,5.93021466,6.633537264
Edo,773709.4205,2016-02,2016,02,5.93021466,6.633537264
Edo,457886.5078,2016-03,2016,03,5.93021466,6.633537264
Edo,565273.8414,2016-04,2016,04,5.93021466,6.633537264
Edo,520920.3426,2016-05,2016,05,5.93021466,6.633537264
Edo,328886.5308,2016-06,2016,06,5.93021466,6.633537264
Edo,517655.4829,2016-07,2016,07,5.93021466,6.633537264
Edo,387065.6244,2016-08,2016,08,5.93021466,6.633537264
Edo,501685.8421,2016-09,2016,09,5.93021466,6.633537264
Edo,677476.9686,2016-10,2016,10,5.93021466,6.633537264
Edo,800478.4498,2016-11,2016,11,5.93021466,6.633537264
Edo,298989.1612,2016-12,2016,12,5.93021466,6.633537264
Edo,422674.8699,2017-01,2017,01,5.93021466,6.633537264
Edo,289716.5998,2017-02,2017,02,5.93021466,6.633537264
Edo,382189.9926,2017-03,2017,03,5.93021466,6.633537264
Edo,429870.1806,2017-04,2017,04,5.93021466,6.633537264
Edo,803559.9005,2017-05,2017,05,5.93021466,6.633537264
Edo,2672878.623,2017-06,2017,06,5.93021466,6.633537264
Edo,1363068.043,2017-07,2017,07,5.93021466,6.633537264
Edo,1429272.843,2017-08,2017,08,5.93021466,6.633537264
Edo,1369885.169,2017-09,2017,09,5.93021466,6.633537264
Edo,1781112.44,2017-10,2017,10,5.93021466,6.633537264
Edo,1113231.221,2017-11,2017,11,5.93021466,6.633537264
Edo,1704587.81,2017-12,2017,12,5.93021466,6.633537264
Edo,2116514.618,2018-01,2018,01,5.93021466,6.633537264
Edo,1490452.918,2018-02,2018,02,5.93021466,6.633537264
Edo,2727227.214,2018-03,2018,03,5.93021466,6.633537264
Edo,962288.8109,2018-04,2018,04,5.93021466,6.633537264
Edo,837610.6274,2018-05,2018,05,5.93021466,6.633537264
Edo,941981.1741,2018-06,2018,06,5.93021466,6.633537264
Edo,1304773.505,2018-07,2018,07,5.93021466,6.633537264
Edo,1753993.521,2018-08,2018,08,5.93021466,6.633537264
Edo,2835161.133,2018-09,2018,09,5.93021466,6.633537264
Edo,2597223.071,2018-10,2018,10,5.93021466,6.633537264
Edo,2541683.148,2018-11,2018,11,5.93021466,6.633537264
Edo,2990220.082,2018-12,2018,12,5.93021466,6.633537264
Edo,2563192.396,2019-01,2019,01,5.93021466,6.633537264
Edo,2049996.238,2019-02,2019,02,5.93021466,6.633537264
Edo,1408088.238,2019-03,2019,03,5.93021466,6.633537264
Edo,1690310.052,2019-04,2019,04,5.93021466,6.633537264
Edo,2314868.374,2019-05,2019,05,5.93021466,6.633537264
Edo,1595058.96,2019-06,2019,06,5.93021466,6.633537264
Edo,2415246.433,2019-07,2019,07,5.93021466,6.633537264
Edo,1007424.913,2019-08,2019,08,5.93021466,6.633537264
Edo,1139489.235,2019-09,2019,09,5.93021466,6.633537264
Edo,1933667.589,2019-10,2019,10,5.93021466,6.633537264
Edo,1800682.587,2019-11,2019,11,5.93021466,6.633537264
Edo,1941704.492,2019-12,2019,12,5.93021466,6.633537264
Edo,1969845.31,2020-01,2020,01,5.93021466,6.633537264
Edo,1326573.039,2020-02,2020,02,5.93021466,6.633537264
Edo,1506248.061,2020-03,2020,03,5.93021466,6.633537264
Edo,1541256.307,2020-04,2020,04,5.93021466,6.633537264
Edo,1722176.998,2020-05,2020,05,5.93021466,6.633537264
Edo,1024974.18,2020-06,2020,06,5.93021466,6.633537264
Edo,767369.976,2020-07,2020,07,5.93021466,6.633537264
Edo,909604.2236,2020-08,2020,08,5.93021466,6.633537264
Edo,315569.8997,2020-09,2020,09,5.93021466,6.633537264
Edo,990482.5528,2020-10,2020,10,5.93021466,6.633537264
Edo,1386525.215,2020-11,2020,11,5.93021466,6.633537264
Edo,2441113.135,2020-12,2020,12,5.93021466,6.633537264
Edo,1737882.419,2021-01,2021,01,5.93021466,6.633537264
Edo,1189381.428,2021-02,2021,02,5.93021466,6.633537264
Edo,3061968.57,2021-03,2021,03,5.93021466,6.633537264
Edo,2302344.383,2021-04,2021,04,5.93021466,6.633537264
Edo,269116.7064,2021-05,2021,05,5.93021466,6.633537264
Edo,954583.5516,2021-06,2021,06,5.93021466,6.633537264
Edo,1259684.271,2021-07,2021,07,5.93021466,6.633537264
Edo,128093.276,2021-08,2021,08,5.93021466,6.633537264
Edo,339698.2749,2021-09,2021,09,5.93021466,6.633537264
Edo,1001360.722,2021-10,2021,10,5.93021466,6.633537264
Edo,1065343.914,2021-11,2021,11,5.93021466,6.633537264
Edo,1149931.883,2021-12,2021,12,5.93021466,6.633537264
Edo,1149979.669,2022-01,2022,01,5.93021466,6.633537264
Edo,727263.2714,2022-02,2022,02,5.93021466,6.633537264
Edo,726901.6841,2022-03,2022,03,5.93021466,6.633537264
Edo,1127622.932,2022-04,2022,04,5.93021466,6.633537264
Edo,1158985.805,2022-05,2022,05,5.93021466,6.633537264
Edo,1741572.065,2022-06,2022,06,5.93021466,6.633537264
Edo,1048979.168,2022-07,2022,07,5.93021466,6.633537264
Edo,503845.4645,2022-08,2022,08,5.93021466,6.633537264
Edo,132684.4538,2022-09,2022,09,5.93021466,6.633537264
Edo,978219.2064,2022-10,2022,10,5.93021466,6.633537264
Edo,957324.26,2022-11,2022,11,5.93021466,6.633537264
Edo,1474594.449,2022-12,2022,12,5.93021466,6.633537264
Edo,1067674.332,2023-01,2023,01,5.93021466,6.633537264
Edo,920512.4923,2023-02,2023,02,5.93021466,6.633537264
Edo,1963359.944,2023-03,2023,03,5.93021466,6.633537264
Edo,1043456.294,2023-04,2023,04,5.93021466,6.633537264
Edo,311195.184,2023-05,2023,05,5.93021466,6.633537264
Edo,988630.2198,2023-06,2023,06,5.93021466,6.633537264
Edo,33922.35703,2023-07,2023,07,5.93021466,6.633537264
Edo,249583.033,2023-08,2023,08,5.93021466,6.633537264
Edo,527193.1466,2023-09,2023,09,5.93021466,6.633537264
Edo,534014.4866,2023-10,2023,10,5.93021466,6.633537264
Imo,1205012.539,2012-03,2012,03,7.062307591,5.57302002
Imo,1667030.823,2012-04,2012,04,7.062307591,5.57302002
Imo,2510938.638,2012-05,2012,05,7.062307591,5.57302002
Imo,1573839.103,2012-06,2012,06,7.062307591,5.57302002
Imo,1240654.141,2012-07,2012,07,7.062307591,5.57302002
Imo,1381103.415,2012-08,2012,08,7.062307591,5.57302002
Imo,800132.1964,2012-09,2012,09,7.062307591,5.57302002
Imo,1338189.475,2012-10,2012,10,7.062307591,5.57302002
Imo,1129846.61,2012-11,2012,11,7.062307591,5.57302002
Imo,2214914.737,2012-12,2012,12,7.062307591,5.57302002
Imo,1896362.592,2013-01,2013,01,7.062307591,5.57302002
Imo,1320696.149,2013-02,2013,02,7.062307591,5.57302002
Imo,1639945.82,2013-03,2013,03,7.062307591,5.57302002
Imo,1694371.208,2013-04,2013,04,7.062307591,5.57302002
Imo,2480397.651,2013-05,2013,05,7.062307591,5.57302002
Imo,1135954.314,2013-06,2013,06,7.062307591,5.57302002
Imo,472937.3979,2013-07,2013,07,7.062307591,5.57302002
Imo,1181872.067,2013-08,2013,08,7.062307591,5.57302002
Imo,355877.237,2013-09,2013,09,7.062307591,5.57302002
Imo,509179.0879,2013-10,2013,10,7.062307591,5.57302002
Imo,659902.1379,2013-11,2013,11,7.062307591,5.57302002
Imo,805518.111,2013-12,2013,12,7.062307591,5.57302002
Imo,815289.6025,2014-01,2014,01,7.062307591,5.57302002
Imo,470797.8573,2014-02,2014,02,7.062307591,5.57302002
Imo,903339.3601,2014-03,2014,03,7.062307591,5.57302002
Imo,1072840.755,2014-04,2014,04,7.062307591,5.57302002
Imo,784783.1614,2014-05,2014,05,7.062307591,5.57302002
Imo,670267.2939,2014-06,2014,06,7.062307591,5.57302002
Imo,1214677.513,2014-07,2014,07,7.062307591,5.57302002
Imo,430950.8776,2014-08,2014,08,7.062307591,5.57302002
Imo,374152.5374,2014-09,2014,09,7.062307591,5.57302002
Imo,626709.5888,2014-10,2014,10,7.062307591,5.57302002
Imo,654048.5301,2014-11,2014,11,7.062307591,5.57302002
Imo,589928.2807,2014-12,2014,12,7.062307591,5.57302002
Imo,583576.5797,2015-01,2015,01,7.062307591,5.57302002
Imo,494166.3761,2015-02,2015,02,7.062307591,5.57302002
Imo,751262.6518,2015-03,2015,03,7.062307591,5.57302002
Imo,654091.8599,2015-04,2015,04,7.062307591,5.57302002
Imo,429183.515,2015-05,2015,05,7.062307591,5.57302002
Imo,265741.959,2015-06,2015,06,7.062307591,5.57302002
Imo,574240.7921,2015-07,2015,07,7.062307591,5.57302002
Imo,289136.3274,2015-08,2015,08,7.062307591,5.57302002
Imo,493757.9559,2015-09,2015,09,7.062307591,5.57302002
Imo,1117470.775,2015-10,2015,10,7.062307591,5.57302002
Imo,840823.2585,2015-11,2015,11,7.062307591,5.57302002
Imo,407598.0719,2015-12,2015,12,7.062307591,5.57302002
Imo,680339.1141,2016-01,2016,01,7.062307591,5.57302002
Imo,508122.325,2016-02,2016,02,7.062307591,5.57302002
Imo,876797.9987,2016-03,2016,03,7.062307591,5.57302002
Imo,779700.4773,2016-04,2016,04,7.062307591,5.57302002
Imo,680861.7246,2016-05,2016,05,7.062307591,5.57302002
Imo,581043.7158,2016-06,2016,06,7.062307591,5.57302002
Imo,700480.6624,2016-07,2016,07,7.062307591,5.57302002
Imo,397952.1586,2016-08,2016,08,7.062307591,5.57302002
Imo,646226.204,2016-09,2016,09,7.062307591,5.57302002
Imo,498151.0423,2016-10,2016,10,7.062307591,5.57302002
Imo,804251.7775,2016-11,2016,11,7.062307591,5.57302002
Imo,807134.4141,2016-12,2016,12,7.062307591,5.57302002
Imo,601305.4776,2017-01,2017,01,7.062307591,5.57302002
Imo,481230.4053,2017-02,2017,02,7.062307591,5.57302002
Imo,612037.4945,2017-03,2017,03,7.062307591,5.57302002
Imo,646551.0443,2017-04,2017,04,7.062307591,5.57302002
Imo,963009.7385,2017-05,2017,05,7.062307591,5.57302002
Imo,410228.7211,2017-06,2017,06,7.062307591,5.57302002
Imo,861786.9144,2017-07,2017,07,7.062307591,5.57302002
Imo,526220.864,2017-08,2017,08,7.062307591,5.57302002
Imo,165682.5851,2017-09,2017,09,7.062307591,5.57302002
Imo,352340.4286,2017-10,2017,10,7.062307591,5.57302002
Imo,603204.2365,2017-11,2017,11,7.062307591,5.57302002
Imo,592286.649,2017-12,2017,12,7.062307591,5.57302002
Imo,361091.3734,2018-01,2018,01,7.062307591,5.57302002
Imo,344989.8954,2018-02,2018,02,7.062307591,5.57302002
Imo,946906.2854,2018-03,2018,03,7.062307591,5.57302002
Imo,657081.0915,2018-04,2018,04,7.062307591,5.57302002
Imo,612753.7678,2018-05,2018,05,7.062307591,5.57302002
Imo,284050.4607,2018-06,2018,06,7.062307591,5.57302002
Imo,325287.2971,2018-07,2018,07,7.062307591,5.57302002
Imo,503520.6829,2018-08,2018,08,7.062307591,5.57302002
Imo,236710.6349,2018-09,2018,09,7.062307591,5.57302002
Imo,242379.3833,2018-10,2018,10,7.062307591,5.57302002
Imo,745126.4144,2018-11,2018,11,7.062307591,5.57302002
Imo,789449.7087,2018-12,2018,12,7.062307591,5.57302002
Imo,697649.7753,2019-01,2019,01,7.062307591,5.57302002
Imo,442394.3874,2019-02,2019,02,7.062307591,5.57302002
Imo,585550.6426,2019-03,2019,03,7.062307591,5.57302002
Imo,626830.0873,2019-04,2019,04,7.062307591,5.57302002
Imo,547934.1532,2019-05,2019,05,7.062307591,5.57302002
Imo,205755.9431,2019-06,2019,06,7.062307591,5.57302002
Imo,738384.567,2019-07,2019,07,7.062307591,5.57302002
Imo,695057.3898,2019-08,2019,08,7.062307591,5.57302002
Imo,306863.0186,2019-09,2019,09,7.062307591,5.57302002
Imo,762498.9947,2019-10,2019,10,7.062307591,5.57302002
Imo,689780.8737,2019-11,2019,11,7.062307591,5.57302002
Imo,1104845.463,2019-12,2019,12,7.062307591,5.57302002
Imo,994578.1854,2020-01,2020,01,7.062307591,5.57302002
Imo,700497.4843,2020-02,2020,02,7.062307591,5.57302002
Imo,754376.716,2020-03,2020,03,7.062307591,5.57302002
Imo,637584.8047,2020-04,2020,04,7.062307591,5.57302002
Imo,1157486.412,2020-05,2020,05,7.062307591,5.57302002
Imo,1162416.324,2020-06,2020,06,7.062307591,5.57302002
Imo,200815.9732,2020-07,2020,07,7.062307591,5.57302002
Imo,554481.6786,2020-08,2020,08,7.062307591,5.57302002
Imo,1005594.202,2020-09,2020,09,7.062307591,5.57302002
Imo,252144.1211,2020-10,2020,10,7.062307591,5.57302002
Imo,878015.9944,2020-11,2020,11,7.062307591,5.57302002
Imo,857320.7338,2020-12,2020,12,7.062307591,5.57302002
Imo,1180451.662,2021-01,2021,01,7.062307591,5.57302002
Imo,965256.4761,2021-02,2021,02,7.062307591,5.57302002
Imo,863634.3065,2021-03,2021,03,7.062307591,5.57302002
Imo,667487.065,2021-04,2021,04,7.062307591,5.57302002
Imo,271678.3588,2021-05,2021,05,7.062307591,5.57302002
Imo,54478.48844,2021-06,2021,06,7.062307591,5.57302002
Imo,368652.1402,2021-07,2021,07,7.062307591,5.57302002
Imo,101946.0579,2021-08,2021,08,7.062307591,5.57302002
Imo,133386.1922,2021-09,2021,09,7.062307591,5.57302002
Imo,344837.8934,2021-10,2021,10,7.062307591,5.57302002
Imo,495936.4261,2021-11,2021,11,7.062307591,5.57302002
Imo,591186.8455,2021-12,2021,12,7.062307591,5.57302002
Imo,706414.9963,2022-01,2022,01,7.062307591,5.57302002
Imo,666794.9886,2022-02,2022,02,7.062307591,5.57302002
Imo,631368.1798,2022-03,2022,03,7.062307591,5.57302002
Imo,368398.6154,2022-04,2022,04,7.062307591,5.57302002
Imo,354901.8682,2022-05,2022,05,7.062307591,5.57302002
Imo,415269.8436,2022-06,2022,06,7.062307591,5.57302002
Imo,52308.5541,2022-08,2022,08,7.062307591,5.57302002
Imo,48036.31313,2022-09,2022,09,7.062307591,5.57302002
Imo,107445.9786,2022-10,2022,10,7.062307591,5.57302002
Imo,280442.2312,2022-11,2022,11,7.062307591,5.57302002
Imo,352837.2902,2022-12,2022,12,7.062307591,5.57302002
Imo,390270.3177,2023-01,2023,01,7.062307591,5.57302002
Imo,303233.6149,2023-02,2023,02,7.062307591,5.57302002
Imo,272627.8432,2023-03,2023,03,7.062307591,5.57302002
Imo,429222.7516,2023-04,2023,04,7.062307591,5.57302002
Imo,548482.0819,2023-05,2023,05,7.062307591,5.57302002
Imo,688859.2463,2023-06,2023,06,7.062307591,5.57302002
Imo,380522.0857,2023-07,2023,07,7.062307591,5.57302002
Imo,321623.7706,2023-08,2023,08,7.062307591,5.57302002
Imo,181432.3545,2023-09,2023,09,7.062307591,5.57302002
Imo,704484.6242,2023-10,2023,10,7.062307591,5.57302002
Kaduna,557425.9146,2012-03,2012,03,7.705978548,10.39236701
Kaduna,589009.0069,2012-04,2012,04,7.705978548,10.39236701
Kaduna,190973.8714,2012-05,2012,05,7.705978548,10.39236701
Kaduna,99046.50444,2012-06,2012,06,7.705978548,10.39236701
Kaduna,120619.7585,2012-08,2012,08,7.705978548,10.39236701
Kaduna,179884.053,2012-09,2012,09,7.705978548,10.39236701
Kaduna,131577.9834,2012-10,2012,10,7.705978548,10.39236701
Kaduna,159524.2777,2012-11,2012,11,7.705978548,10.39236701
Kaduna,155709.4965,2012-12,2012,12,7.705978548,10.39236701
Kaduna,249119.5738,2013-01,2013,01,7.705978548,10.39236701
Kaduna,138714.7187,2013-02,2013,02,7.705978548,10.39236701
Kaduna,283767.9119,2013-03,2013,03,7.705978548,10.39236701
Kaduna,774858.6074,2013-04,2013,04,7.705978548,10.39236701
Kaduna,460475.7243,2013-05,2013,05,7.705978548,10.39236701
Kaduna,424073.8686,2013-06,2013,06,7.705978548,10.39236701
Kaduna,291407.2084,2013-07,2013,07,7.705978548,10.39236701
Kaduna,268854.1119,2013-08,2013,08,7.705978548,10.39236701
Kaduna,185541.4092,2013-09,2013,09,7.705978548,10.39236701
Kaduna,165447.0445,2013-10,2013,10,7.705978548,10.39236701
Kaduna,160886.4028,2013-11,2013,11,7.705978548,10.39236701
Kaduna,251762.3469,2013-12,2013,12,7.705978548,10.39236701
Kaduna,178353.021,2014-01,2014,01,7.705978548,10.39236701
Kaduna,117290.1613,2014-02,2014,02,7.705978548,10.39236701
Kaduna,364871.053,2014-03,2014,03,7.705978548,10.39236701
Kaduna,461417.7813,2014-04,2014,04,7.705978548,10.39236701
Kaduna,172802.4506,2014-07,2014,07,7.705978548,10.39236701
Kaduna,638950.6505,2014-08,2014,08,7.705978548,10.39236701
Kaduna,61444.37468,2015-01,2015,01,7.705978548,10.39236701
Kaduna,539412.9526,2015-02,2015,02,7.705978548,10.39236701
Kaduna,45730.12887,2015-08,2015,08,7.705978548,10.39236701
Kaduna,121181.42,2015-12,2015,12,7.705978548,10.39236701
Kaduna,135926.7373,2016-01,2016,01,7.705978548,10.39236701
Kaduna,113898.6497,2016-04,2016,04,7.705978548,10.39236701
Kaduna,92822.29579,2016-05,2016,05,7.705978548,10.39236701
Kaduna,661877.2779,2016-06,2016,06,7.705978548,10.39236701
Kaduna,155502.5792,2016-08,2016,08,7.705978548,10.39236701
Kaduna,298401.7006,2016-09,2016,09,7.705978548,10.39236701
Kaduna,121734.7405,2016-10,2016,10,7.705978548,10.39236701
Kaduna,75464.67465,2016-11,2016,11,7.705978548,10.39236701
Kaduna,201240.2981,2017-01,2017,01,7.705978548,10.39236701
Kaduna,256492.6278,2017-02,2017,02,7.705978548,10.39236701
Kaduna,114597.683,2017-03,2017,03,7.705978548,10.39236701
Kaduna,129699.9843,2017-04,2017,04,7.705978548,10.39236701
Kaduna,180315.0049,2017-05,2017,05,7.705978548,10.39236701
Kaduna,73741.61534,2017-12,2017,12,7.705978548,10.39236701
Kaduna,29119.39478,2018-01,2018,01,7.705978548,10.39236701
Kaduna,71676.21592,2019-06,2019,06,7.705978548,10.39236701
Lagos,164946.2385,2012-11,2012,11,3.5869749,6.52242433
Lagos,137489.6133,2013-02,2013,02,3.5869749,6.52242433
Lagos,28485.03854,2018-04,2018,04,3.5869749,6.52242433
Lagos,18187.8259,2020-02,2020,02,3.5869749,6.52242433
Lagos,20137.18661,2020-03,2020,03,3.5869749,6.52242433
Lagos,32647.09474,2020-05,2020,05,3.5869749,6.52242433
Lagos,16568.14764,2020-06,2020,06,3.5869749,6.52242433
Lagos,25498.02847,2020-07,2020,07,3.5869749,6.52242433
Lagos,22951.05526,2020-08,2020,08,3.5869749,6.52242433
Lagos,104243.5397,2020-10,2020,10,3.5869749,6.52242433
Lagos,69145.54542,2020-11,2020,11,3.5869749,6.52242433
Lagos,53743.07272,2020-12,2020,12,3.5869749,6.52242433
Lagos,97900.2615,2021-01,2021,01,3.5869749,6.52242433
Lagos,100881.0672,2021-03,2021,03,3.5869749,6.52242433
Lagos,15385.55849,2021-04,2021,04,3.5869749,6.52242433
Lagos,68780.67753,2021-06,2021,06,3.5869749,6.52242433
Lagos,37356.39063,2021-08,2021,08,3.5869749,6.52242433
Lagos,36510.45692,2021-09,2021,09,3.5869749,6.52242433
Lagos,77342.44851,2021-12,2021,12,3.5869749,6.52242433
Lagos,79311.17446,2022-01,2022,01,3.5869749,6.52242433
Lagos,41056.40045,2022-06,2022,06,3.5869749,6.52242433
Lagos,97506.11992,2022-11,2022,11,3.5869749,6.52242433
Lagos,513748.8837,2022-12,2022,12,3.5869749,6.52242433
Lagos,30125.43932,2023-03,2023,03,3.5869749,6.52242433
Lagos,41495.19399,2023-10,2023,10,3.5869749,6.52242433
Rivers,6123175.866,2012-03,2012,03,6.918181455,4.845392315
Rivers,6321824.263,2012-04,2012,04,6.918181455,4.845392315
Rivers,6880061.849,2012-05,2012,05,6.918181455,4.845392315
Rivers,4091077.45,2012-06,2012,06,6.918181455,4.845392315
Rivers,2847921.582,2012-07,2012,07,6.918181455,4.845392315
Rivers,4264970.48,2012-08,2012,08,6.918181455,4.845392315
Rivers,5057323.269,2012-09,2012,09,6.918181455,4.845392315
Rivers,6917181.707,2012-10,2012,10,6.918181455,4.845392315
Rivers,6099515.496,2012-11,2012,11,6.918181455,4.845392315
Rivers,6855224.693,2012-12,2012,12,6.918181455,4.845392315
Rivers,6219364.198,2013-01,2013,01,6.918181455,4.845392315
Rivers,5142039.879,2013-02,2013,02,6.918181455,4.845392315
Rivers,6185335.475,2013-03,2013,03,6.918181455,4.845392315
Rivers,4990389.107,2013-04,2013,04,6.918181455,4.845392315
Rivers,3994686.878,2013-05,2013,05,6.918181455,4.845392315
Rivers,2838343.432,2013-06,2013,06,6.918181455,4.845392315
Rivers,1476062.496,2013-07,2013,07,6.918181455,4.845392315
Rivers,3005670.569,2013-08,2013,08,6.918181455,4.845392315
Rivers,1808654.198,2013-09,2013,09,6.918181455,4.845392315
Rivers,3332635.002,2013-10,2013,10,6.918181455,4.845392315
Rivers,5388806.682,2013-11,2013,11,6.918181455,4.845392315
Rivers,6264343.062,2013-12,2013,12,6.918181455,4.845392315
Rivers,4933879.371,2014-01,2014,01,6.918181455,4.845392315
Rivers,4909338.19,2014-02,2014,02,6.918181455,4.845392315
Rivers,5762752.762,2014-03,2014,03,6.918181455,4.845392315
Rivers,6963354.504,2014-04,2014,04,6.918181455,4.845392315
Rivers,5078770.092,2014-05,2014,05,6.918181455,4.845392315
Rivers,4204302.409,2014-06,2014,06,6.918181455,4.845392315
Rivers,5196152.253,2014-07,2014,07,6.918181455,4.845392315
Rivers,3176700.259,2014-08,2014,08,6.918181455,4.845392315
Rivers,4228040.432,2014-09,2014,09,6.918181455,4.845392315
Rivers,5119784.732,2014-10,2014,10,6.918181455,4.845392315
Rivers,6800458.455,2014-11,2014,11,6.918181455,4.845392315
Rivers,5506621.531,2014-12,2014,12,6.918181455,4.845392315
Rivers,4683469.819,2015-01,2015,01,6.918181455,4.845392315
Rivers,5403768.18,2015-02,2015,02,6.918181455,4.845392315
Rivers,4276474.923,2015-03,2015,03,6.918181455,4.845392315
Rivers,4301290.468,2015-04,2015,04,6.918181455,4.845392315
Rivers,4477527.25,2015-05,2015,05,6.918181455,4.845392315
Rivers,2729723.822,2015-06,2015,06,6.918181455,4.845392315
Rivers,3245948.212,2015-07,2015,07,6.918181455,4.845392315
Rivers,2641218.458,2015-08,2015,08,6.918181455,4.845392315
Rivers,3374835.12,2015-09,2015,09,6.918181455,4.845392315
Rivers,4923188.933,2015-10,2015,10,6.918181455,4.845392315
Rivers,6361306.942,2015-11,2015,11,6.918181455,4.845392315
Rivers,4852070.662,2015-12,2015,12,6.918181455,4.845392315
Rivers,6524584.802,2016-01,2016,01,6.918181455,4.845392315
Rivers,4902867.105,2016-02,2016,02,6.918181455,4.845392315
Rivers,5692999.762,2016-03,2016,03,6.918181455,4.845392315
Rivers,5812755.385,2016-04,2016,04,6.918181455,4.845392315
Rivers,5993481.039,2016-05,2016,05,6.918181455,4.845392315
Rivers,4321050.527,2016-06,2016,06,6.918181455,4.845392315
Rivers,5145148.474,2016-07,2016,07,6.918181455,4.845392315
Rivers,3917788.998,2016-08,2016,08,6.918181455,4.845392315
Rivers,3931119.15,2016-09,2016,09,6.918181455,4.845392315
Rivers,5838870.171,2016-10,2016,10,6.918181455,4.845392315
Rivers,5318973.685,2016-11,2016,11,6.918181455,4.845392315
Rivers,5786881.226,2016-12,2016,12,6.918181455,4.845392315
Rivers,6667409.732,2017-01,2017,01,6.918181455,4.845392315
Rivers,5429141.256,2017-02,2017,02,6.918181455,4.845392315
Rivers,5352834.471,2017-03,2017,03,6.918181455,4.845392315
Rivers,5030321.382,2017-04,2017,04,6.918181455,4.845392315
Rivers,5701540.393,2017-05,2017,05,6.918181455,4.845392315
Rivers,6961170.2,2017-06,2017,06,6.918181455,4.845392315
Rivers,3340147.237,2017-07,2017,07,6.918181455,4.845392315
Rivers,3687690.353,2017-08,2017,08,6.918181455,4.845392315
Rivers,3783917.447,2017-09,2017,09,6.918181455,4.845392315
Rivers,6818545.616,2017-10,2017,10,6.918181455,4.845392315
Rivers,6186391.58,2017-11,2017,11,6.918181455,4.845392315
Rivers,5272302.327,2017-12,2017,12,6.918181455,4.845392315
Rivers,4746492.469,2018-01,2018,01,6.918181455,4.845392315
Rivers,4934114.198,2018-02,2018,02,6.918181455,4.845392315
Rivers,5004983.39,2018-03,2018,03,6.918181455,4.845392315
Rivers,4032645.994,2018-04,2018,04,6.918181455,4.845392315
Rivers,5283402.941,2018-05,2018,05,6.918181455,4.845392315
Rivers,4763594.253,2018-06,2018,06,6.918181455,4.845392315
Rivers,5127867.382,2018-07,2018,07,6.918181455,4.845392315
Rivers,5202329.996,2018-08,2018,08,6.918181455,4.845392315
Rivers,4761336.302,2018-09,2018,09,6.918181455,4.845392315
Rivers,4880142.498,2018-10,2018,10,6.918181455,4.845392315
Rivers,5227031.944,2018-11,2018,11,6.918181455,4.845392315
Rivers,6441759.26,2018-12,2018,12,6.918181455,4.845392315
Rivers,6941546.265,2019-01,2019,01,6.918181455,4.845392315
Rivers,5788778.386,2019-02,2019,02,6.918181455,4.845392315
Rivers,5181419.623,2019-03,2019,03,6.918181455,4.845392315
Rivers,5447206.119,2019-04,2019,04,6.918181455,4.845392315
Rivers,5350568.842,2019-05,2019,05,6.918181455,4.845392315
Rivers,4357569.792,2019-06,2019,06,6.918181455,4.845392315
Rivers,5369563.618,2019-07,2019,07,6.918181455,4.845392315
Rivers,3489392.743,2019-08,2019,08,6.918181455,4.845392315
Rivers,3995677.149,2019-09,2019,09,6.918181455,4.845392315
Rivers,5611432.88,2019-10,2019,10,6.918181455,4.845392315
Rivers,4525571.353,2019-11,2019,11,6.918181455,4.845392315
Rivers,6367524.343,2019-12,2019,12,6.918181455,4.845392315
Rivers,5128802.96,2020-01,2020,01,6.918181455,4.845392315
Rivers,4620899.634,2020-02,2020,02,6.918181455,4.845392315
Rivers,4729064.413,2020-03,2020,03,6.918181455,4.845392315
Rivers,6345581.514,2020-04,2020,04,6.918181455,4.845392315
Rivers,6481538.512,2020-05,2020,05,6.918181455,4.845392315
Rivers,6323868.44,2020-06,2020,06,6.918181455,4.845392315
Rivers,3818968.32,2020-07,2020,07,6.918181455,4.845392315
Rivers,1989468.92,2020-08,2020,08,6.918181455,4.845392315
Rivers,844443.3551,2020-09,2020,09,6.918181455,4.845392315
Rivers,2126785.661,2020-10,2020,10,6.918181455,4.845392315
Rivers,3637692.661,2020-11,2020,11,6.918181455,4.845392315
Rivers,5450368.534,2020-12,2020,12,6.918181455,4.845392315
Rivers,5741558.828,2021-01,2021,01,6.918181455,4.845392315
Rivers,3891027.27,2021-02,2021,02,6.918181455,4.845392315
Rivers,3566003.161,2021-03,2021,03,6.918181455,4.845392315
Rivers,2603276.562,2021-04,2021,04,6.918181455,4.845392315
Rivers,2175174.207,2021-05,2021,05,6.918181455,4.845392315
Rivers,622703.1211,2021-06,2021,06,6.918181455,4.845392315
Rivers,2608932.275,2021-07,2021,07,6.918181455,4.845392315
Rivers,142483.0949,2021-08,2021,08,6.918181455,4.845392315
Rivers,762478.0464,2021-09,2021,09,6.918181455,4.845392315
Rivers,2232758.488,2021-10,2021,10,6.918181455,4.845392315
Rivers,3976282.691,2021-11,2021,11,6.918181455,4.845392315
Rivers,4868243.882,2021-12,2021,12,6.918181455,4.845392315
Rivers,5535890.671,2022-01,2022,01,6.918181455,4.845392315
Rivers,3792251.443,2022-02,2022,02,6.918181455,4.845392315
Rivers,3066484.484,2022-03,2022,03,6.918181455,4.845392315
Rivers,1024044.402,2022-04,2022,04,6.918181455,4.845392315
Rivers,1856741.366,2022-05,2022,05,6.918181455,4.845392315
Rivers,274428.5071,2022-06,2022,06,6.918181455,4.845392315
Rivers,463141.8575,2022-07,2022,07,6.918181455,4.845392315
Rivers,1875708.784,2022-08,2022,08,6.918181455,4.845392315
Rivers,1042490.934,2022-09,2022,09,6.918181455,4.845392315
Rivers,1740044.439,2022-10,2022,10,6.918181455,4.845392315
Rivers,2924773.885,2022-11,2022,11,6.918181455,4.845392315
Rivers,3349984.334,2022-12,2022,12,6.918181455,4.845392315
Rivers,3907414.636,2023-01,2023,01,6.918181455,4.845392315
Rivers,3414344.338,2023-02,2023,02,6.918181455,4.845392315
Rivers,2360039.665,2023-03,2023,03,6.918181455,4.845392315
Rivers,3209832.975,2023-04,2023,04,6.918181455,4.845392315
Rivers,4975951.577,2023-05,2023,05,6.918181455,4.845392315
Rivers,1644027.947,2023-06,2023,06,6.918181455,4.845392315
Rivers,2294611.073,2023-07,2023,07,6.918181455,4.845392315
Rivers,2599976.749,2023-08,2023,08,6.918181455,4.845392315
Rivers,2558485.725,2023-09,2023,09,6.918181455,4.845392315
Rivers,3543356.684,2023-10,2023,10,6.918181455,4.845392315
